Workbook

Sheet Value per feature
A1: Feature | B1: Centre | C1: Input from the customer | D1: What the agent does | E1: What a human does | F1: Output | G1: What the agent remembers | H1: Human hours by hand (estimate) | I1: Human hours with Signal Harbor | J1: Hours saved | K1: How the hours were worked out | L1: What the company gains | M1: Built today?
A2: 1. Company profile (Bring what you have) | B2: Intent | C2: Strategy or investment policy, last 2-3 committee packs, people list, systems list, classification policy, known issues (Customer standard inputs 1-9) | D2: Nira reads every file into the profile: people, systems, pains, restricted areas, measures in the packs; marks each cell guessed with its source; lists what is missing | E2: Organiser drops files into nine tiles; confirms or corrects the guesses | F2: A company profile with provenance (stated, guessed, unknown); readiness bar | G2: Company memory: systems, teams, recurring pains, who owns what. Next cycle starts prefilled | H2: 32 | I2: 0.5 | J2: =H2-I2 | K2: Manual: an analyst reads and summarises the documents (3-5 days). With the product: 10 min upload (measured) plus about 20 min confirming | L2: One place where the company's own facts live, with sources; nothing re-asked later | M2: Built
A3: 2. One interview per person | B3: Intent | C3: 10-15 key people; their time | D3: North (leaders) and Lens (owners) run a 5-15 min interview, skip questions the documents already answer, write answers into the profile and as draft cards | E3: Each person answers by text or voice | F3: Interview answers in the profile; draft cards for the wall | G3: Person memory per agent: priorities, pains, open threads; used in that person's next conversation | H3: 30 | I3: 2.5 | J3: =H3-I3 | K3: Manual: a consultant interviews 10 people for 1 hour and writes notes for 1 hour (20 h) plus the people's 10 h. With the product: median 11 min per person (measured) | L3: Every voice captured the same way, including anonymous ones; no consultant notes to chase | M3: Built (old look)
A4: 3. The wall (Think unfiltered) | B4: Intent | C4: Topic, purpose, days open; the participants | D4: North drafts each person's cards from their interview and documents; suggests up to three cards per lane; groups the wall into clusters at close | E4: Organiser starts the wall and moves the stages; each person confirms or adds cards (about 5 min) | F4: A frozen wall of cards in four lanes; clusters ready for Define | G4: Company memory: recurring themes across walls; North's suggestions improve per company | H4: 32 | I4: 1.5 | J4: =H4-I4 | K4: Manual: plan a workshop (8 h), run it with 8 people for 2 h (16 h), write it up (8 h). With the product: organiser 30 min, each person 5 min | L4: Ideas from people who would not speak in a meeting; grouping done in seconds | M4: Built; invite and stage bar to build
A5: 4. Define and the charter | B5: Intent | C5: The clusters; the committee's judgement | D5: Lens proposes a shelf for each cluster and the measures behind it; drafts the charter with 'so that' lines; Nira chases signatures | E5: Committee of 8 decides the shelves in one 90-min session (about 20 decisions); sponsor signs the charter | F5: Signed charter: problems with priority, pains, signals, levers, who took part | G5: Company memory: past priorities and why; Lens proposes shelves closer to past decisions | H5: 28 | I5: 12.5 | J5: =H5-I5 | K5: Manual: prepare options (8 h), committee 90 min x 8 (12 h), write the charter (8 h). With the product: the same 90-min session plus a 30-min signature | L5: A signed, traceable statement of what the business wants to know | M5: Built; charter screen to re-skin
A6: 5. Baseline (definitions and governance) | B6: Intent | C6: Glossary, KPI definitions, data dictionary, SOPs, classification policy (if they exist) | D6: Lens drafts every measure: business and technical definition, owners, classification, who may see, process map, glossary; asks owners only the gaps by link | E6: Each owner confirms or corrects their measures (about 10 min each); sponsor signs the baseline | F6: Signed baseline: per measure definitions, owners, personal data, who may see; catalogue; glossary; known risks | G6: Lens remembers each owner's corrections; next quarter's definitions come pre-agreed | H6: 80 | I6: 5 | J6: =H6-I6 | K6: Manual: 20 measures x 3 h of analyst work (60 h) plus 1 h per owner (20 h). With the product: 10 min per owner and 1 h of review and signing | L6: A governed catalogue the company owns and reuses for every report and audit | M6: Built (old look); new screen to build
A7: 6. Moment of truth (trial and plan) | B7: Intent | C7: One recent period of sample data per key source; the reported figures in the packs | D7: Lens profiles each file, recomputes each measure, compares with the reported figure, proposes quality rules, scores sources, drafts the phased plan | E7: Source owners upload a file by link (about 10 min each); sponsor and head of data read and sign the plan (30 min) | F7: Signed phased plan: trial per measure (match, gap, not yet), risks, bands Now / Next / Later | G7: Lens remembers known gaps and quality rules per source; the next trial starts from them | H7: 60 | I7: 2.5 | J7: =H7-I7 | K7: Manual: collect samples, profile and reconcile 20 measures against the pack (40-80 h). With the product: uploads plus a 30-min review | L7: Proof, before any build money is spent, of which numbers can be trusted | M7: Built
A8: 7. Blueprint | B8: Build | C8: Five environment answers; the signed baseline and plan | D8: Architect drafts the data model (facts, dimensions, keys), lineage per measure, rules, access per mart, schedule; draws the diagram | E8: Head of data reviews and signs (about 1 h) | F8: Signed blueprint.json and its diagram | G8: Architect remembers the company's naming and modelling choices | H8: 40 | I8: 1.5 | J8: =H8-I8 | K8: Manual: a data architect for about a week. With the product: 20 min of answers plus 1 h of review | L8: A design traceable to every agreed measure | M8: Environment built; blueprint to build
A9: 8. Pipelines and loading | B9: Build | C9: Files arriving where the environment check says | D9: Builder generates one pipeline contract and its code per source; runs bronze, silver, gold into the company's DuckDB; logs every run | E9: Admin clicks Run now the first time; owners fix a source when a check fails | F9: A warehouse in the company's own space; a run log | G9: The runner remembers each source's usual volume and arrival time | H9: 160 | I9: 4 | J9: =H9-I9 | K9: Manual: data engineers for 3-5 weeks for 6-8 sources. With the product: a few hours of review | L9: Working data without hiring a data team | M9: Warehouse core built; rest to build
A10: 9. Prove and release | B10: Build | C10: The loaded data; the reported figures | D10: Prover recomputes each measure for each reported period and explains any gap | E10: Owners accept or explain gaps; sponsor signs the release | F10: Release-ready measures with evidence | G10: Accepted gaps are remembered, so they are not raised again | H10: 40 | I10: 2 | J10: =H10-I10 | K10: Manual: reconciliation by analysts (1 week). With the product: review and sign | L10: Numbers the committee can trust, with the evidence attached | M10: To build
A11: 10. Ops (the Watcher) | B11: Build | C11: Nothing new | D11: Watcher checks each day for late files, failed checks and odd values; tells the owner what to do | E11: Owner acts on an alert | F11: A daily status list | G11: Normal ranges per measure learnt over time | H11: 4 | I11: 0.5 | J11: =H11-I11 | K11: Per week. Manual: someone checks the loads each week (4 h). With the product: act on alerts only | L11: Problems found before the committee meets, not during it | M11: To build
A12: 11. Feeds | B12: Consume | C12: Nothing new | D12: Builds each measure's latest value and trend from the warehouse; respects who may see | E12: Read; ask a question | F12: A live view of the agreed measures | G12: Which measures each person looks at | H12: 40 | I12: 0.5 | J12: =H12-I12 | K12: Manual: build a dashboard (1 week). With the product: it appears from the governed measures | L12: One version of the numbers for everyone | M12: To build
A13: 12. Market forces | B13: Consume | C13: Optional licensed feeds; internet switched on per company | D13: Brings industry briefs and signals next to the company's own measures, marked as outside material | E13: Read | F13: Market context next to each measure | G13: Which signals mattered to this company | H13: 4 | I13: 0.25 | J13: =H13-I13 | K13: Per week. Manual: an analyst gathers market news (4 h). With the product: read the brief | L13: Context without a research subscription per person | M13: To build
... A15: 14. Agent long-term memory | B15: All | C15: Nothing new: it comes from the conversations | D15: Each agent summarises every conversation into person memory and a de-personalised company memory; compacts as it grows; never keeps anonymous notes, restricted areas or figures | E15: A person can read, correct or delete what an agent remembers; the admin reviews company memory | F15: Agents that know the company better each cycle | G15: This is the memory | H15: 0 | I15: 0 | J15: =H15-I15 | K15: Saving shows in the second cycle: interviews shorter, definitions pre-agreed, Define faster | L15: The second quarter costs a fraction of the first | M15: To build (designed: MEM-1, MEM-2)

Sheet Savings
A1: Part of the journey | B1: Human hours by hand | C1: Human hours with Signal Harbor | D1: Hours saved | E1: Share of the work done by agents
A2: Intent centre, one cycle (features 1-6) | B2: =SUM('Value per feature'!H2:H7) | C2: =SUM('Value per feature'!I2:I7) | D2: =B2-C2 | E2: =D2/B2
A3: Build centre, first build (features 7-9) | B3: =SUM('Value per feature'!H8:H10) | C3: =SUM('Value per feature'!I8:I10) | D3: =B3-C3 | E3: =D3/B3
A4: Running each week (Ops and Market forces) | B4: ='Value per feature'!H11+'Value per feature'!H13 | C4: ='Value per feature'!I11+'Value per feature'!I13 | D4: =B4-C4 | E4: =D4/B4
A5: Consume set-up (Feeds) and one What-if | B5: ='Value per feature'!H12+'Value per feature'!H14 | C5: ='Value per feature'!I12+'Value per feature'!I14 | D5: =B5-C5 | E5: =D5/B5
A6: First cycle: Intent, Build and Consume set-up | B6: =B2+B3+B5 | C6: =C2+C3+C5 | D6: =B6-C6 | E6: =D6/B6
A8: All hour figures are estimates to check with the first customer. Measured so far: 10 min to upload the files; interview median 11 min. The by-hand figures assume one analyst or consultant doing the work with the company's people, for about 20 measures and 6-8 sources.
A9: The second cycle should cost less again because the agents remember the company (feature 14). That saving will be measured, not assumed.

Sheet Build order
A1: Agent | B1: Feature | C1: Task | D1: Files it alone owns | E1: Waits for | F1: Advantage | G1: Your decision
A2: 0 | B2: Set-up (me) | C2: Fix the shared shapes first: blueprint file, run log, gold table names, memory entry; add every new route and page as an empty stub | D2: app.py, App.tsx, route_permissions.yaml, docs/plan/SHAPES.md | E2: - | F2: Lets the 20 agents below start at the same moment without editing the same files
A3: 1 | B3: Intent: wall | C3: Invite panel: join link, seats, revoke | D3: wall/InvitePanel.tsx | E3: 0 | F3: Organiser can bring people in without the old screen
A4: 2 | B4: Intent: wall | C4: Organiser stage bar: briefing, open rooms, close, to the wall | D4: wall/StageBar.tsx | E4: 0 | F4: Organiser runs the whole session from the wall
A5: 3 | B5: Intent: Define | C5: Charter screen in the new look, signing included | D5: charter/CharterView.tsx | E5: 0 | F5: Sponsor signs the charter in the new product
A6: 4 | B6: Intent: baseline | C6: Baseline screen: measures list, status, edit one measure | D6: pages/BaselinePage.tsx | E6: 0 | F6: Owners finish definitions in one screen, not five
A7: 5 | B7: Intent: baseline | C7: Baseline sign-off panel | D7: pages/BaselineSignoff.tsx | E7: 0 | F7: Sponsor signs the baseline; room 3 unlocks
A8: 6 | B8: Intent: bring | C8: Interview pages in the new look | D8: pages/InterviewPage.tsx (re-skin) | E8: 0 | F8: People answer in the same look as everything else
A9: 7 | B9: Intent: wall | C9: Join page and guest private room in the new look | D9: room/JoinPage.tsx (re-skin) | E9: 0 | F9: Guests without accounts get the new look
A10: 8 | B10: Agent memory | C10: Memory store: filters, summarise, compact, company digest | D10: sh_platform/memory/ | E10: 0 | F10: Agents learn the company; the next cycle needs less human time
A11: 9 | B11: Agent memory | C11: Wire memory into North, Lens, Nira; 'what I remember about you' screen | D11: agent prompt files, pages/MemoryPage.tsx | E11: 0 (shape), 8 to land | F11: People see and correct what agents remember
A12: 10 | B12: Build: blueprint | C12: Architect: draft blueprint.json from the signed baseline and plan | D12: sh_platform/build/blueprint.py | E12: 0 | F12: Replaces about a week of a data architect
A13: 11 | B13: Build: blueprint | C13: Blueprint screen and sign | D13: pages/BlueprintPage.tsx | E13: 0 | F13: Head of data signs the design in one screen
... A32: R2 | B32: Build | C32: UAT sign-off step between reconcile and release, by the named tester | D32: sh_platform/build/uat.py, ProvePage | E32: 0 | F32: Nothing goes live that the business did not test
A34: Plan | B34: Step 0 by me (about 25 min: shared shapes incl. pulse line, map version, comment, register), then agents 1-20 plus P1-P4, M1-M4, R1-R2 (30 agents) all at once on Sonnet; I review and land each as it finishes, then walk the whole journey once.
A35: Time | B35: About 25 min set-up, about 60-90 min for all 30 builds in parallel, about 15 min per landing as they arrive, then about 2 h for the journey walk and fixes. Roughly 5 hours in total.

Sheet User journey
A1: Step | B1: Stage | C1: Who | D1: Screen and address | E1: What the person does | F1: What they see | G1: State today | H1: Work to do | I1: Package | J1: Build minutes | K1: Why this long | L1: Test | M1: Your decision | N1: Your comment
A2: A1 | B2: Set up | C2: Super admin | D2: Control panel /centre/control | E2: Signs in, opens the Control panel, creates the company, switches the Intent and Build centres on | F2: Company list, centre and module switches | G2: Works in the new look | H2: None | I2: - | J2: 0 | K2: Built (IC-5b) | L2: -
A3: A2 | B3: Set up | C3: Super admin | D3: None (seed file) | E3: Creates the company admin and people accounts | F3: Accounts exist from the seed file data/_control/seed_credentials.txt | G3: Not in MVP | H3: Invite-by-email screen later | I3: - | J3: 0 | K3: Demo uses seeded accounts | L3: -
A4: B1 | B4: Sign in | C4: Company admin | D4: Sign-in page /login | E4: Types email and password | F4: Lands on the Intent centre home | G4: Works in the new look | H4: None | I4: - | J4: 0 | K4: Built (IC-S2) | L4: -
A5: C1 | B5: Intent: start | C5: Company admin | D5: Intent home /centre/intent | E5: Reads the three rooms and the counts | F5: Room 1 lit, rooms 2 and 3 dim until the room before is done | G5: Works in the new look | H5: None | I5: - | J5: 0 | K5: Built (IC-1b, IC-2w) | L5: -
A6: C2 | B6: Intent: bring | C6: Company admin | D6: Bring what you have /centre/intent/bring | E6: Uploads strategy notes, policies, reports into nine tiles | F6: Each tile: read or nothing new; readiness bar; what is still missing | G6: Works in the new look | H6: None | I6: - | J6: 0 | K6: Built (IC-0, IC-S1) | L6: -
A7: C3 | B7: Intent: bring | C7: Company admin | D7: Interviews /company/interview | E7: Sends a short interview link to each key person | F7: Who answered, who has not | G7: Works, old screen only | H7: Re-skin into the new look | I7: W1-D | J7: 15 | K7: Look-only change: same data and calls; copy the page frame used by Bring | L7: Builder: 2 to 4 tests for this step only. Me: click through once as this person.
A8: C4 | B8: Intent: bring | C8: Person interviewed (no account) | D8: Interview by link /interview/:token | E8: Answers questions by text or voice | F8: Thank-you page | G8: Works, old screen only | H8: Re-skin with the link-page frame built tonight | I8: W1-D | J8: 10 | K8: Same as the upload-by-link page done tonight | L8: Builder: 2 to 4 tests for this step only. Me: click through once as this person.
A9: D1 | B9: Room 1: the wall | C9: Company admin (organiser) | D9: Home: Start the wall | E9: Clicks Start the wall; types topic, purpose, days | F9: The wall opens | G9: Works in the new look | H9: None | I9: - | J9: 0 | K9: Built (IC-2t, IC-2x) | L9: -
A10: D2 | B10: Room 1: the wall | C10: Organiser | D10: The wall /centre/intent/wall/:id | E10: Copies the join link and sends it to people | F10: Join link, seats taken or free, revoke a seat | G10: To build | H10: Invite panel on the wall: link, seats, revoke (the routes exist) | I10: W1-A | J10: 25 | K10: Screen only: routes for link, seats and revoke already exist; copy from the old room screen | L10: Builder: 2 to 4 tests for this step only. Me: click through once as this person.
A11: D3 | B11: Room 1: the wall | C11: Participant (no account) | D11: Join by link /join/:code | E11: Opens the link, types name and role, takes a seat | F11: Lands in their private room | G11: Works, old screen only | H11: Re-skin the join page and the guest private room | I11: W1-D | J11: 25 | K11: Look-only change, but two screens (join and the guest room) | L11: Builder: 2 to 4 tests for this step only. Me: click through once as this person.
A12: D4 | B12: Room 1: the wall | C12: Organiser | D12: The wall | E12: Moves the session on: briefing, open the private rooms, close them, bring everyone to the wall | F12: A stage bar with the next step and a confirm | G12: To build | H12: Organiser stage bar on the wall (the stage routes exist) | I12: W1-A | J12: 30 | K12: Screen only: calls existing routes; each step needs a confirm and a plain message | L12: Builder: 2 to 4 tests for this step only. Me: click through once as this person.
A13: D5 | B13: Room 1: the wall | C13: Each participant | D13: North panel on the wall | E13: Answers North's four questions; writes cards; marks anonymous or sealed | F13: Cards appear in four lanes | G13: Works in the new look | H13: None (guests covered by D3) | I13: - | J13: 0 | K13: Built (IC-2a to IC-2h, IC-2p) | L13: -
... A41: Z1 | B41: Check | C41: Me | D41: Whole journey | E41: Runs A1 to H4 on the demo company as each person | F41: A list of what broke | G41: To do | H41: One click-through per wave; the full run after wave 3 | I41: W4 | J41: 120 | K41: Click-through by hand, not automated suites | L41: Builder: 2 to 4 tests for this step only. Me: click through once as this person.

Sheet Build waves
A1: Package | B1: What | C1: Journey steps | D1: Agents | E1: Minutes (build, land, click-through) | F1: Note | G1: Your decision
A2: Step 0 | B2: Commit the company graph | C2: F7 | D2: 0 | E2: 10 | F2: Me
A3: W1-A | B3: Wall: invite panel and organiser stage bar | C3: D2, D4, D7 | D3: 1 | E3: 55 | F3: Screen only, over existing routes
A4: W1-B | B4: Charter in the new look | C4: E3 | D4: 1 | E4: 30 | F4: Copy and re-skin
A5: W1-C | B5: Baseline in the new look (catalogue and sign-off) | C5: E4, E6 | D5: 1 | E5: 60 | F5: Largest Intent gap
A6: W1-D | B6: Link pages and interviews in the new look | C6: C3, C4, D3 | D6: 1 | E6: 50 | F6: Look-only
A7: W2-A | B7: Blueprint | C7: G3 | D7: 1 | E7: 60 | F7: New logic plus a screen
A8: W2-B | B8: Pipelines and Run now | C8: G4, G5 | D8: 1 | E8: 100 | F8: New runner; copies the earlier transforms
A9: W2-C | B9: Consume home and Feeds | C9: H1, H2 | D9: 1 | E9: 60 | F9: Uses seeded demo gold marts
A10: W2-D | B10: Market forces | C10: H3 | D10: 1 | E10: 35 | F10: Copy
A11: W3-A | B11: Prove and release | C11: G6, G7 | D11: 1 | E11: 65 | F11: Needs G5
A12: W3-B | B12: Ops | C12: G8 | D12: 1 | E12: 30 | F12: Needs G5
A13: W3-C | B13: What-if | C13: H4 | D13: 1 | E13: 60 | F13: Needs the graph and the marts
A14: W4 | B14: Whole journey click-through and fixes | C14: Z1 | D14: 0 | E14: 120 | F14: Me, plus one fixer agent if needed
A16: Wave 1 (4 agents at once) | D16: =SUM(D3:D6) | E16: =MAX(E3:E6) | F16: Parallel: the longest package sets the time
A17: Wave 2 (4 agents at once) | D17: =SUM(D7:D10) | E17: =MAX(E7:E10)
A18: Wave 3 (3 agents at once) | D18: =SUM(D11:D13) | E18: =MAX(E11:E13)
A19: Step 0 and wave 4 | E19: =E2+E14
A20: Total minutes to MVP | E20: =SUM(E16:E19)

Sheet Not in MVP
A1: Item | B1: Why later
A2: Full automated test suite (about 3,500 tests) | B2: Runs after the MVP works end to end
A3: Security review | B3: After the MVP, before any real client
A4: Invite people by email | B4: Seeded accounts are enough for the demo
A5: Scan an existing warehouse | B5: The demo company has none
A6: Airflow | B6: The built-in runner is enough
A7: Slack and Teams messages | B7: The Ops screen is enough for the demo
A8: Define across several walls | B8: One wall per demo
